actual_review,product_name,sentiment,reply_to_user
"Everything from the fit comfort, design, sound quality, and value, this is thing is on a different level. It has dual Dynamic Drivers (ie., the thing that makes sound in your earphones- this one has two in each side) that produce crisp, beautiful sounds that will definitely scratch an itch in your brain you didnt know was there. Pair it with a DAC (even something cheap like Abigail pro) for optimum performance. You will not regret this buy.",Earphones,Not Confirmed,"Thank you for your amazing review! We're thrilled to hear you're enjoying the [product name] so much. We agree that the dual dynamic drivers deliver exceptional sound quality.  It's great you've found the perfect pairing with your DAC, and we're happy to know you're happy with your purchase."
Value for money.. Build quality and bass sound quality top notch... Mic is normal.,Headphones,positive,"Thank you for your review! We're glad you're enjoying the build quality, bass sound, and value for money. We're always working to improve our products, so we'll keep your feedback about the microphone in mind."
This new coffee maker brews the perfect cup every time! IÃ¢â‚¬â„¢ve been using it daily and couldnÃ¢â‚¬â„¢t be happier.,Coffee Maker,positive,Thank you so much for your kind words! We're thrilled to hear you're loving your new coffee maker and that it's consistently delivering delicious cups of coffee. We appreciate you taking the time to share your experience. ðŸ˜Š
"The vacuum cleaner doesnÃ¢â‚¬â„¢t pick up dirt well, and the suction is weak. I regret buying it.",Vacuum cleaner,negative,We're sorry to hear you're having trouble with your vacuum cleaner. We value your feedback and would like to help. Could you please tell us more about the specific issues you're encountering?  This will help us understand the situation better and find a solution for you.
"The laptop performance is amazing. Fast processing, great battery life, and perfect for multitasking.",Laptop,positive,"Thank you for your kind review! We're glad you're enjoying the speed, battery life, and multitasking capabilities of your new laptop. We appreciate your feedback!"
"The smartwatch is too slow, and the battery barely lasts a few hours. I expected more from this product.",Smartwatch,negative,We're sorry to hear you're having issues with the smartwatch's performance and battery life. Could you please tell us more about your experience? Knowing specifics like how you're using the watch and what apps you're running would help us understand the situation better and offer potential solutions. We're committed to ensuring your satisfaction and will do our best to assist you.
These shoes are so comfortable I wore them all day at work and my feet didnÃ¢â‚¬â„¢t hurt at all.,Shoes,positive,Thank you for your kind review! We're so glad to hear you found our shoes comfortable enough to wear all day. ðŸ˜Š
From speed to looks a handy perfect phone Go for it without second thoughts if you want an iPhone,iPhone,positive,Thanks for the great review! We're thrilled you're loving your new iPhone. We appreciate you highlighting the speed and looks - it's definitely a phone that turns heads!
The air purifier has really helped with my allergies. The air feels cleaner and fresher since I started using it.,Air Purifier,positive,"Thank you for your positive review! We're so glad to hear the air purifier is helping with your allergies. We appreciate you choosing our product and hope you continue to enjoy the cleaner, fresher air."
"I ordered this backpack for hiking, and itÃ¢â‚¬â„¢s perfect! ItÃ¢â‚¬â„¢s durable and has plenty of space for all my gear.",Backpack,positive,Thank you so much for your kind review! We're thrilled to hear you're enjoying your new backpack for your hikes. We hope it continues to serve you well on all your adventures. ðŸ˜Š
